sentence1;sentence2;similarity_score
wsh t'es relou fr;t'es barbant mec ;4
j'suis éclaté wsh ;g ss fatigué de fou ;3
j'ai zappé le rdv;Désolée j'ai oublie;2
j'arrive dans 5 min;jariv dan 5min;4
j’me taille;j’me casse;5
Comment j'ai trop trop froid ;j'me les gêle ;5
j’ai pété un câble;g pété 1 kbl;4
ça craint ici;sa kr1 isi;3
Chez pas;Ben jsais pas ;4
Il caaaaaille ;il caille de ouf dehors;4
Et vs faite skoi ?;Lol mais qu est ce que vs faites?;4
Ptdr ma pauvre!;Grrrr  ça va le moral?;2
J'en ai marre;J'en peu plus;4
je m'en fiche un peu;J'men fou d'elle ;4
Oe;Ouè ouè;5
Whesh !;Wsh;5
Pas de pb ;pa de pblm;4
 savvva alors ?;Wsh ça va ?;4
ça m'fait chier;je me fais chier;2
va te faire foutre;va te faire enculer;4
rien à branler;Bah je m’en fou;4
oh la ça craint!!!;Mais ptn c’est quoi ce bordel ? ;2
j’en ai ral le bol;ça m'fait chier;4
tu me gonfles !!!;j’en ai ral le cul de toi!;4
qu’est-ce que tu branles ce soir ? ;Ouaii  tfk?;4
J'en sais fichtre rien! ;Ok jvai voir ca ;0
Ok call me si tas un blem!;Textotes moi quand tu décolle;0
Chelou le mec;C bizzare;2
besos;bisou;4
A pluche;A plus ! ;4
J'taime;Jtm tre fort;4
Quand t arrive et tout t m apl ? ;Tu me tel Stp ?;3
avc ki ?; avec qui ?;5
Fau que tu mette la mise a jour sur ton tel c genial ;tu vois quand lautre est en train de tecrir un sms et tt jmeclate;1
Oui! J'etais trop deg!;Putain je suis deg ;4
et tkt, pas de prob;Ok ok cé cool ;4
Ok nikel;ça roule;4
tes toi !;ferme la;4
t'es a la zonmé ?;t chez tw ? ;4
Zetes ou?;Kes ke vs faites ?;0
T as check ton facebook?!;Check ton faceniouk bébé;4
Ben ca me saoul !;ça m'fait chier;4
Nan c'est comme tu'v;C com tu veu ;5
Nn tinkiete pas BB;Lol mais tkt;4
 Jespère ksa va bien ;tu vas bien ou bien?;4
Lol jdr ;j'ador;4
Joue pas le narvalo ! ;NE FAIS PAS LE CON !;4
G tai totalement oublié merde ; je t'ai complètement zappé dtaleur ;4
Tes oqp?; Kes tfai ?;3
Ms t avec qui?;C qui ton mec ? ;4
Oue grv;Ouai grave;4
J'ai kiffé;Ouille , ouille , ouille , j'aime pas avoir mal !!!;0
Allez ! Vazi stp;Mais si ! Allez stp ;3
 avc ki ?;avec qui ?;5
Ah ok bn c'est pas gravemerci qd mm;Oue mais bon Cpg;4
Ct ferme dc j'ai escalade;ct fermer dc g escaladé;4
Yep;Ouaip ;4
G lui dirai ;J'lui ferai passer le msg ;4
j’te jure;La vie d ma mère ;3
Il raconte encore nptq;Il raconte encr de la merde ;4
c’est pas con;c pas bete ;4
t'es qu'un trou duc;Enculé;4
Enculé;Enfoiré;3
Je sens que tout ça va partir en couilles;c va devenir le bordel;3
Elle c peté la gueule; Elle c fait bobo à la bouche ;3
J'te souhaite un tres joyeux n'anniversaire! ;Alice te souhaite aussi un tres joyeux anniv' !;2
qqn;qlqun;5
Bon alors jvais etre serieuse; Assez rigolé maintenant ;3
gros zoubia  ; Biz;5
Me souviens plus;g   oublié ;4
C foutu oui ;C'est mort ;4
Je peux vs mailler;g peux vous capter ;4
 j’ai oublié mes clés au taf !; Frérot, arrête d'faire le boloss devant tt le monde ;0
il glande; quel branleur ;4
J’en ai rien à foutre de ckils pensent ; m'en fou de leurs avis;3
Il  l'a traité de pédale;il est tjrs entrain de traiter les filles de poufiasses ;0
casse-toi ; dégage ;4
tu me gonfles !!!;tu m'casses les couillles ;4
j’en ai ral le bol;J'en ai ma claque;4
mdr tkt il va kiffer ton dm ;je ss sur kil va aimer ton msg ;4
Ltb;abandonne;5
Ya koi qui change ?; c koi la diff ? ;4
Pck je me suis chier je pense;Lol mais tkt au pire y a les rattrapagés ;0
Oui il ma dit qqs trucs; il m'a branché oe ;3
fin bref jme tais; vzy j'la boucle ;3
Jtai apelé ya 2h tu ten branle tu fais ta life; Mdr Je lutte pour que tu m apl ;3
Sa ma soule;J'ai le seum ;3
Ca va cramer;Tu me tiens au jus ;0
tkt pas;trql ;3
a tt a l'h !;a tte ;5
a tt bientot! ;A 1 d ces 4 ;3
j'étais trop trop trop crevée;savvva alors;0
jte dis kan on arrive;j'te tiens au courant ;3
T'as bcq de trucs a faire ?;T'es ocp ?;3
dsl du retard; j'suis à la bourre ;3
Quoi de neuf ? ;Ca dit quoi ? ;3
tfq;tfk ;5
ocp; oqp ;5
Coucou;CC;5
Salu; Slt;5
Sava; sa va ;5
Nan; nn ;5
pcq ;pck ;5
vazi; vsy;5
vsy;azy ;5
azy;vazi ;5
tkt;tqt;5
annif ; anniv;5
Quelle question debile biensur que oui ! ;ya des canadiens qui viennent passé le week end;0
vac ; vacance;5
vac;vacs;5
c pareil; idem ;4
quoi 2 9? ;Quoi de neuf ? ;5
Je pige pas la ;g comprends pas ;4
pck ;par s q;5
Chelou le mec; bizzare lui ;4
de mes deux !;de merde ;5
Quand t arrive et tout t m apl;Tu me tel Stp ?;4
C'est a perpette;M'en fou g sais résister;0
mais elles me bouffent avec leurs conneries ! ;Elles me prennent grv la tête enft ;3
Oki doki !;Dac;4
Siii d'abord c  marque a l'extrait de camomille;Si ta pas encore posté la lettre pour mon forfait le fait pas ;0
jme suis arrangé, c pas grave ;g me suis démerdé tqt ;3
Sinn ele va fair un sketch;Elle va t'faire une scene;3
C est lui ki doit etre dsl;il doit s'en mordre les doigts ;3
Y'a du monde encore ? ;C encore plein à craquer ?;3
Ojd;aujourdhui ;5
Les gen on trop pas de face!!!;ils sont trop relou ;1
t es fada a etre dsl ou koi?!;ten a pas marre de t’excuser ?;2
ba oui ca mderamge connard;ça me va Bebe;0
S il vienne pas jmen fou!!!; j m’en bats les couilles s’ils se pointent pas ;3
c est ton pote ou pas?!!! ;tu l'connais nan ? ;2
Mai t es sèrieux !? ;Deconne pas ;3
Sinon t pas mort??;sa va toi ? ;2
Tu bosse a quel heure?;a kel heure tu taffes ? ;4
Lol ben pour que tu sois pas en retard au boulot !; pour qu  tu  sois pas à la bourre au taff ;4
T'as bouffer tout le bacon et le chorizo ? ? ;Ouai je lai fait g rien perdu;0
oui elle me l'a dit elle s'est taper Franck aussi !; elle la tringlee ;3
ca va c t fastoche;c t pas 6 dure ;3
 je veut savoir qui tu aime; t’es en crush sur ki ?;4
Couillon ; enfoire ;3
Aucune réponse en + couillon ;en plus tu m laisses des vues ;3
Vou ete parti?; vs avez bougé ?;4
J'tai pas envoyé de message;nan g t’ai pas textote ;4
Ca s'passe bien??;ça roule ?;4
ail oui sa fais pas mal; C r ;3
We;bail;2
ta pas de chance ! ;ten rate pas 1 ;0
J'etais trop deg! ;ça ma cassé les couilles ;3
Je crois que j'ai chier mes partiels mais puissant quoi ; g fait d la merde;3
J suis un boulet ;g suis qu’un boloss ;4
Putain je suis deg de moi meme la lol;Purre en plus mdrrrr je vais me taper la grosse honte mdrrrrrr;0
mais tkt au pire y a les rattrapagés; t peux encr ratttraper l’tir ;3
fallait tenter un truc;fallait foncer ;3
vous me textotez des que vous etes en ville;tenez moi o jus qd vs êtes ds ls parages ;4
J'ai un peu eu le tps de rien faire;g eu l tps d me tourner les pouces ;3
Cé qui tes fournisseur ??;ki t ravitaille ??;0
Ben on se retrouve ds 10/20 min; on svoit talleur ;0
Tt a l h ;tte a l heure ;5
Tte a l heure; talleur ;5
Pas tro seule ?;T geres solo ? ;2
T sé sérieuse la ?;fodra se cotisé ? ;0
Eh désolée du cp j'peux pas;c mort pour moi ;3
on a rien fé et on est sorti plu tot !!;on a pas tringlé;3
Cé vré que la tu marque un point;oe t pas tort ;3
Ça va t es pepere;tu t la coules douce toi ;3
merci beaucoup pour tous ce que tu m'as aidé;cimer pr l cp d pouce mgl ;3
Ok nikel ;ça roule;4
 me gene pas; m emmerde pas ;4
Je serai j pense chezmamie mamie; Et cool si t chez mamie alors!;2
 tu verras c 1000fois meilleur;c un banger j te dis;3
T radote;t racontes ke des betiz ;2
Elle ta dc repéré ;tu t fais grillé ;3
fallait que j'en  parle ac qqn pr pas devenir cplètement folle;g devais me libéré ;3
dc elle a sû un peu ttes les étapes;du cp elle a été o ju du process ;3
Auj;ojd ;5
 non g a peine répondu';j l’ai a peine cala ;3
nn t'as pas compris… ;t as pas capté ;3
après si tu peu ;pls tard si t Chaud ;3
tt façon je pense que ça servira à rien;c perdu d avnce ;3
Mess; msg ;5
oui tkt je peux comprendre;elle a pas compris pk;0
Mais bon je m'en fiche un peu; azy balecs hein;3
Ahahaha bien fait mauvais élève!; T'las mérité troublefait;3
nn au début on vous en a pas parlé;nan on vs a brifé;3
ils fnt ça tt le temps…;Ué je sais Sam m'a fait tourné le texto …;0
fonce alors; azy ;3
oulah tu t'enflammes peut être un peu là quand mm ;t serais ps entrain d'te mettre en rogne ;3
Mw je dors; j'roupille ;4
dsl, par sms c'est plus dur de reconnaitre ; sa gere dercire en russe ;0
Je prends la peine de te repondre juste parcque tu tai fait chier ;Mais aller quoi !!!!!;1
Tu sais rien alors shut;Ferme la t sais ke dalle ;4
Je te tiens o Ju la chérie;J'te branche bb ;4
Elle est trop stilet; elle en degag;3
Sailler j'ai ma nouvelle chambre;Ta vus la nouvelle pub;0
Je kiff ;Jm bien;4
Allez c'est bon tu ma soulez bye !! ; Tu m fais chier, j'me casse ;4
Ta vus le chien ?;Tyrop mimi;0
Tu fais la geule ? ;T nrv ?;3
Ta pris les clees ? ;Chui chez sfr;0
Oué !! ; Ouè ouè;5
Tu me manque a mord; g grv envie d'te voir;2
oh bah ça fait pas avant 18h à chàteau;C'un bg le mec laba;0
Ta vue? ;J'men fou d'elle elle est trop l'aide s'te meuf;0
Ya la muisique a donf ; Ya d lambiance ;2
C'trop bien; C'cool ;4
c'bon ; cv ;4
Ouais com tu ve ;si ca t'chante ;4
ve;vx;5
tes toi !;Ta gueule ;5
Tgl;Ta gueule ;5
 C plu pratik ;La prise et casser;0
J'aisitye entre deus couleur ;Mais chu pas sure;2
C'fini vien la chercher ;Nn elle est ici;0
c'b;C bizzare;5
C chian;C relou;4
Nan mais c'est pas sa;C pas idem ;4
Si tu la pas c'pas grave ;J'vais me faire masser;0
Chez pas;J'sais pas ;5
C'est Man down de rihana boulette !;meuf allez suplis ta mere tu dis que ce st pour mon annive ! Allez !;0
Je t'att; j'fais la queue;1
Jt au resto ;Jt au bahut ;0
 jvien de finir de bouffe;jt entr1 d graille ;3
J'vais faire ma grosse chieuse!;g vais l'emmerder ;3
Mdr trop bonne blagounette ! ;Ct marrant ;4
Ah super on s'est trop gavé;On ses rempli la pense à en mourir ;4
Ahhhhhhh marre de tout louper !!;Ras l'bol ;3
on se tient o Ju soit pr demain soit ds la semaine bisous jtm ; Au fait vs êtes sortis hier ct bien ?;0
Como va ?; Cv ? ;5
Nn san blague;déconne pas ;4
Eh oh la dedans;Cc ici ;3
sa a aucin interet; c pas la peine ;3
C'est trop de la bite ;ca déchire ;3
Kikoulol; slt ;5
et ya du monde? ; C bondé ? ;5
 vs avez fini ou pas? ;C bon ? ;3
T es trop une botch ! ;Meuf ta francais demain ?;0
Kes ke vs faites ?;Vous glandez quoi ? ;4
Zetes ou?;Vs etes où ? ;5
 Mais te prend pas la tête!;Sois trql t'embrouille ps ;3
 c'est nul ; c pas terrible ;3
Attention a ce ke tu dis; fais belec à tes mo ;4
Kikou ; Cc;5
Oui ca va impec;j pète la forme ;4
Moi pas de reveil ; Moi je le regarde tt le temps;0
 mais je part pas en delire ; j'fais pas nptq après ;3
C tjs le bordel ;C de la bouillabaise ;3
jmen tape; j'men fou ;3
6 j'epux; si j'peux ;5
 j'ai pas trop aime comment tu as fais avc elle;c'est juste qu'elle a fait la belle ;0
je look largo winch ;j'mate largo winch ;4
pg ;ps grv ;5
jtourne au cachet de taurine;g tourne  a lenergisant ;3
moi jrecommence a 13h15 juska 15 ;balance moi ta play ;0
Les inscriptions c est jusko 19;Mais du cou la rentree est passee;0
C etait or orendre de vos nouvelles;Ct pr prendre d vs nouvelles ;5
C etait ; Ct;5
jte montre; jte flash ;5
ya moyen ktu vienne sur skype?;ramen tw sur Skype ;3
Ton msg ma trop fais plaisir ;j’ai vrmt kiffe ton msg ;4
t es oouuuu? ; t ou ? ;5
tu les a pris ou?;t sors ça  d ou ?;4
tu fesai le bad boy ta vu! ;fallait ps trop la ramener ;3
J ADORE ta foto de profile!!!! ;j kiff ta foto de profile ;4
Dsl jsuis en mode speed;g pas l temps ;3
faut qu on svoit;faut qu on s capte ;4
Tintiet;tkt ;5
demain je tel;jtapel demain ;4
Jsuis en vac aussi!!;g aussi fini ls cours;4
dnc tu travail bientot? ;t commence à taffer bientot ? ;4
à dems;à demain;5
dem1 ;demain ;5
 jai mille truc a faore; g suis  deborde de ouf;3
Jv en ville avc les potes ;Jtapel apres les simpson;0
Yep!;Oe ;5
quand tu es en cuisine tu réponds illico presto! ;Je peux pas g un autre chef qui me voit;0
Je veux partir roadtripé aux usa!;Je veux voyagé ds tte l'australie;0
Je mourrais avant d'avoir tout fait c sur' ;J'vais clamser avt tt ça ;4
g l'impression que tu me parles que par interet; g pense k tu m leches les bottes;3
G pas envie de polémiquer sur ca par tel;J vx pas en causer au tel ;3
 ta kwa today ?;c quoi tes plans ojd ? ;3
g pas a poser d congés com ca !;ferai jamais vraiment ce que g envie de faire;0
Jvais au bahut  et toi ? ;Ta cour dans kelle salle?;0
Je suis ds l'impasse; j suis dans la merde ;3
Thabite ou ?;C où ktu crèches ? ;4
ttl ;tte a l heure ;5
 je vais dodo; j'vais pioncer ;4
T pas net ;T bizzare ;4
mais g eu ton message qu apres ;G pas vite vu tn msg ;3
Les gds esprits se rencontrent! ; On c compris ;3
G un nouvo port;G un nouvo bateau ;0
Toujours pas de relation plus ; T tjrs celib ? ;3
Y'a pas que moi qui doit foncer ;jvy vais;0
Naze va; S'pèce de folle!;2
Fait ta physique au lieu de SMS  ;Taff au lieu d coser ;2
quequette;bite ;2
Ouais ça marche ;sa roule ;3
 laisse betom ;ltb;5
T'as beaucoup de boulot pour ce we ci?; t'as bcp d taff ce weekend ci ? ;3
 bouuuuge;gaaaaaaagne;0
Positif?!! Mdr ;D'la merde ;0
Daccordèon ;Dac;5
y'a une nana qui vient d'arriver;Y'a une meuf qui vient de s'pointer ;4
Il faut dire quoi deja?;keski fo raconter ? ;3
tfais comme tu sens ;fais ske tu vx;3
Tpeux m'appeler man stp! ;tu m tel stp ? ;3
Explique purée !; azy  raconte ;3
Moui ;Ouai;5
mais t emballes pas trop hein;crois ps qu c gagné ;3
mais qu est ce que vs faites??????? ;keske vs foutez ????;4
 Bizzzz! ; bisou;5
Tu peux me laisser kiffer tranquille stp? ;Fous moi la paix stp ;3
suis deg pour toi ; pr moi nickel;0
Tu me pourris mon groove! ;Tu bouzille l'ambiance;3
suis deg pour toi;g mal pr tw;4
J'en ai marre;j'en ai ma claque ;4
Ouais ça me gave ;J'en ai marre;4
Je suis avec ma fratrie;j'suis avc ms reufs ;4
 j ;j me ss enguelé avc Océane ;4
 jsuis assise sur mon canapee ;Non ya que des douches;0
 tu m'as pliée la!;Tu ma eu ;4
j'ai zappe ;g oublie ;4
Ouaip ; oue ;5
Pas trop manger la poussière hier ?;pas deg d'avoir mordu la poussière ? ;3
les pubs de drogue font peur ;les ghettos m foutent les jetons ;4
Jvais me demerder ; jvais me debrouiller ;4
Trop trop chiant ce cours;barbant ce cours ;4
j'vais lui répéter;j'vais cafter ;4
J'tai ramené les clopes au fait !;Je suis pas une connasse aigrie !;0
G tai oublié ;j tai zappé ;4
dis moi juste a kel heure t'arrive ;tien moi o courant de kan tu debarques ;4
ouep ;ouais ;5
Bonne am ;bonne aprem;5
ba oui mais qu il se plaigne pas alors ;qu'il ferme sa gueule alors ;4
POUR KOU WAAAH ?;pq ?;5
 love sur toi;jtm ;4
Je ss en robe sans collants; mon cul c'est un igloo ;3
grs becot ;gros bisou;5
we;weekend ;5
bz;biz ;5
cb ;cmb1;5
vdm;vie d'merde;5
ntm; nik ta mere ;5
xlt;slt ;5
r ;r1 ;5
jlé; j'lai ;5
mnt; mtnt ;5
mnt ;maintenan ;5
osi ;ausi ;5
keskec ;keske c;5
kw;kwa;5
kw;koi;5
ckw ; c koi ;5
expdr ;ptdr;5
ptdr;mdr ;5
qq1;qlq'un ;5
qqc;qlq ch;5
raf; r a foutre ;5
tjs ;tjrs;5
tlm;tt l'monde;5
qdn;quoi d'neuf ;5
koi d'9;quoi d'neuf ;5
kw d'neuf ;quoi d'neuf ;5
entk; entc ;5
entk ;en tt cas;5
ntc ;entc ;5
a12c4; a 1 d'ces 4 ;5
a2m1; a 2main;5
cki;c ki ;5
cki;c qui;5
mci ;mrci ;5
6né; cine ;5
bi1to;biento;5
kekina ;keskiya ;5
kestufé; t'fais kw ;5
GT ché L; j'tais che el ;4
 cpab1;c pas bien;5
adm ;a2m1;5
ta éT voir koi o 6né;t'as ete voir kw o cine ;4
tu vi1 7 aprem; tu t'pointes cet am ? ;4
j suis ;j ss ;5
j suis ;g ss ;5
bz;niquer;5
Pitetre;ptetre ;5
Ye se pa;jsp ;5
Mais ta goule;Ms tgl ;4
T la ds cmd de tps ?;T la ds cb d tps ?;4
j'suis peinarde;j'suis trql ;4
g faim ;on creve la dalle;4
Je pige quedal ;g comprend r;4
Tapé et toi ? ;Crevé etw ? ;4
et tw;etw;5
pq tu m apl pas ?;pk tu m'tel ap ? ;4
Tu mrecup;Tu m'fais chier;0
Bouratchone ;conne ;2
qu'ils ne viennent pas nous faire ch ;kils vienne ps ns fr chier ;4
c mn truc les chinois;c ma cam les chinois ;4
ten as marre de pas bouger; t en a ta claque d fr du sur place;4
c bon ;c ok ;5
Te prete?;t as  fini ? ;5
Oki douki;okidokie ;5
Zè oublié;g oublié ;5
 Qu'il aille embeter qq1 d'autre ;Kil aille faire chier qqun d otre ;4
te ou? ;T ou ? ;5
enplsu;en +;4
il a l'air sympatoch ;il a lair cool ;4
hé c ke c pas fcile;g sais k c ps facile ;4
dc vs avez fais koi de plus;dc vs avez fé kw de + ;4
kes tfai;tfk ;5
Tme Mank;tu m'manques ;4
 pblm ;pb ;5
le tps;l'temps;5
C ok pr moi;g suis dacc ;4
Cmt ;commen ;5
blablateuse ;tu piailles tro ;3
il trouve largent où ? ;D'où il tire son oseille ? ;4
Le condo est ferme;le bahut est ferme ;3
jétais dans les vap lol ;g dormais ;3
Lol g telechargé le truc;jte donne tt samedi;0
Bon anniiiiiv ; bon anniv ;5
Je t'adoore ;g t'adr;5
Bordel ;putain;3
Bises;biz ;5
Suceur; lèche botte ;4
ojordhui ;ojd;5
dmain;demain;5
2m1;demai ;5
2main ;2m1 ;5
jsuis crevé;g suis claqué ;4
jlai apelé hier il ma rien di;G telechrgé viber;0
Le botch de mdf !;C bon g redemarré mon tel;0
G telechrgé viber;g redemarré mn tel;0
alr;alor;5
je viens de recevoit ton txt;g viens d'recevoir tn msg ;4
Vient m cherché;Tu bosse today?;0
Jai peur;g la trouille;4
jms;jamai;5
J'suis trop une meuf déjà upv;j suis une tepu ;2
suì fatiguè;g ss off;4
tu me mank tro;t'me mank bcp;5
J'ai rien chez moi ;g r ché mw;5
jv;j'vais;5
le ga à mon adresse ;il sait où g crèche;3
jpe;g peux;5
jpe fr genre gt en cours;tu peux tjr passer boire un kawa;0
Cété;ct;5
t un gd malade ;t un detraqué;4
il m a fait un smak;i ma fé un bizou ;3
Sois pas deeeg;sois pas deg ;5
Mitooo;michto;5
t es cinglé;t pas bien ds ta tete ;4
T arivè?; t là ? ;3
ya des place pr sgarer;ya ps d'parking;2
On nè part;on a bougé;3
c kia pas eu d autre blessè; tlm va b1 ;2
Tavai raison;Ct ta prof?;0
ap;après;5
je pensai que tu te moquai de moi ;j pensai ktu te foutai de mw ;4
Bisouxxx;bisou;5
je veux pas faire la queuee solo;j ve pas m'taper la queue tt seul ;3
Dacodac;dac ;5
J'ai que dal;jai r ;5
Attend jle fais de suite!!;Bonne muscu mn cheri!!;0
bebou;bb;5
Bebou de moi;mn cheri ;5
tp;tro;5
c'est pas tp tp long;c court;4
Je t'aaaaaaime ;jtm ;5
Jtai dmande quaaaand;Ttes les vacs;0
Jc pas;jsp;5
s'tu veux;stv;5
ajd;ojd;5
Ben alr on sèche délinquante?!;Qd t à la téci tu m'dis;0
Ms bon g foutu ts mes cours ce jour la du cou ;g assure ms cours c jr la ;1
d'acc';dac;5
Ok deso bin on ce voit;dsl on s'capte ;3
Tu m laisse plus d msg sur mn mur;T as rep quoi sur facebook ?;0
non dsl g l exam;T fort qd meme;0
Ta plus un rond;t fauché ;4
 tu peu vnir ou pas;tu t'pointes ou nan? ;4
C'pas drole;c pas marrant;4
bizoux;bisou;5
merci d t soucier;mrci d tinkieter;4
mrci;m6;5
moi jdefonce tout;jnique tt;4
Attend de voir si g les sous;Att g vois si g d'loseille;4
G rien dit;G rien fait;0
mouaif;ouai;5
c'est bon se truk;c deg;0
t en train decrir c trop cool;Trop bon faut le fr;0
Jdr cette vdm;Jdr 7 vie ;3
Kel eur;kel h;5
en ts k merci kan mm pr l invit ';g serai al;2
ts;tt;5
Y a trop d'monde;c bondé ;4
minute papillon;Att;4
Ta pas une clope? ;t a ps un flingue ;0
boude pas;fais ps la gueule ;4
Att que se soit fini tva voir;att mw;3
Feignasse;glandeuse ;4
gava ;bro;5
bro;reuf;5
prquoi;pq;5
